timestamp,sender,receiver,message
2025-01-01 10:00:00,user,neha,Gym today?
2025-01-01 11:00:00,user,neha,You there?
2025-01-01 11:55:00,neha,user,Trip plan?
2025-01-01 16:00:00,user,karan,Coffee this weekend?
2025-01-01 19:00:00,user,priya,Gym today?
2025-01-02 04:00:00,user,dev,You there?
2025-01-02 07:16:00,priya,user,You there?
2025-01-02 07:22:00,user,priya,Free tonight?
2025-01-02 09:00:00,user,meera,Still pending
2025-01-02 09:06:00,neha,user,Trip plan?
2025-01-02 10:01:00,user,neha,What's up
2025-01-02 14:34:00,meera,user,Missed your call
2025-01-02 15:00:00,user,priya,Project update?
2025-01-02 16:21:00,dev,user,Call later?
2025-01-02 16:51:00,user,dev,How are things?
2025-01-02 18:00:00,user,dev,Meeting tomorrow?
2025-01-02 19:55:00,dev,user,What's up
2025-01-02 22:00:00,user,arjun,Interview update?
2025-01-03 00:00:00,user,aman,Trip plan?
2025-01-03 05:00:00,user,karan,Coffee this weekend?
2025-01-03 08:45:00,arjun,user,Review this
2025-01-03 09:14:00,priya,user,Project update?
2025-01-03 10:43:00,user,arjun,Free tonight?
2025-01-03 11:00:00,user,priya,You there?
2025-01-03 18:00:00,user,sneha,Long time no talk
2025-01-03 18:24:00,aman,user,Interview update?
2025-01-03 22:24:00,karan,user,What's up
2025-01-03 23:24:00,sneha,user,Deadline near
2025-01-04 01:00:00,user,neha,Project update?
2025-01-04 02:59:00,priya,user,Trip plan?
2025-01-04 06:00:00,user,sneha,Gym today?
2025-01-04 09:00:00,user,neha,Interview update?
2025-01-04 11:42:00,neha,user,Review this
2025-01-04 14:00:00,user,aman,Trip plan?
2025-01-04 19:39:00,aman,user,You there?
2025-01-05 06:00:00,user,priya,Call later?
2025-01-05 07:00:00,user,rahul,What's up
2025-01-05 17:33:00,priya,user,Trip plan?
2025-01-05 18:02:00,user,priya,Hey
2025-01-05 18:17:00,rahul,user,Let's catch up
2025-01-05 19:20:00,user,rahul,Missed your call
2025-01-05 21:00:00,user,neha,Long time no talk
2025-01-05 22:00:00,user,priya,Meeting tomorrow?
2025-01-06 00:00:00,user,karan,Free tonight?
2025-01-06 01:44:00,priya,user,Missed your call
2025-01-06 06:00:00,user,rahul,Trip plan?
2025-01-06 08:00:00,user,aman,Review this
2025-01-06 09:00:00,user,karan,All good?
2025-01-06 09:06:00,neha,user,Free tonight?
2025-01-06 13:00:00,user,arjun,Trip plan?
2025-01-06 18:00:00,user,dev,Meeting tomorrow?
2025-01-06 19:58:00,dev,user,Review this
2025-01-07 00:00:00,user,aman,Call later?
2025-01-07 09:00:00,user,rahul,Long time no talk
2025-01-07 11:36:00,arjun,user,Coffee this weekend?
2025-01-07 12:04:00,user,arjun,What's up
2025-01-07 15:00:00,user,sneha,All good?
2025-01-07 16:00:00,user,rahul,Interview update?
2025-01-07 19:25:00,rahul,user,Missed your call
2025-01-07 19:29:00,sneha,user,How are things?
2025-01-07 21:00:00,user,arjun,Trip plan?
2025-01-08 02:00:00,user,arjun,Gym today?
2025-01-08 07:20:00,arjun,user,Presentation ready?
2025-01-08 07:27:00,rahul,user,Presentation ready?
2025-01-08 08:00:00,user,neha,Deadline near
2025-01-08 08:01:00,user,rahul,Missed your call
2025-01-08 09:00:00,user,rahul,Coffee this weekend?
2025-01-08 09:05:00,user,arjun,Trip plan?
2025-01-08 11:00:00,user,meera,Long time no talk
2025-01-08 17:00:00,user,aman,Still pending
2025-01-08 18:00:00,user,neha,Gym today?
2025-01-08 20:54:00,arjun,user,How are things?
2025-01-09 01:16:00,neha,user,What's up
2025-01-09 02:11:00,user,neha,Deadline near
2025-01-09 04:00:00,user,karan,Meeting tomorrow?
2025-01-09 06:05:00,neha,user,Long time no talk
2025-01-09 06:09:00,meera,user,Call later?
2025-01-09 08:00:00,user,meera,Free tonight?
2025-01-09 12:00:00,user,sneha,Call later?
2025-01-09 12:53:00,aman,user,Long time no talk
2025-01-09 13:33:00,user,aman,Still pending
2025-01-09 18:00:00,user,aman,Deadline near
2025-01-09 18:04:00,karan,user,Let's catch up
2025-01-09 19:19:00,aman,user,Long time no talk
2025-01-09 19:45:00,user,karan,Gym today?
2025-01-09 19:57:00,meera,user,Let's catch up
2025-01-09 21:00:00,user,aman,Meeting tomorrow?
2025-01-09 21:22:00,user,meera,Missed your call
2025-01-09 21:32:00,sneha,user,Presentation ready?
2025-01-09 23:20:00,user,sneha,Trip plan?
2025-01-10 00:00:00,user,arjun,Long time no talk
2025-01-10 00:04:00,arjun,user,Trip plan?
2025-01-10 06:00:00,user,sneha,Meeting tomorrow?
2025-01-10 09:00:00,user,dev,Long time no talk
2025-01-10 11:00:00,user,karan,All good?
2025-01-10 17:00:00,user,arjun,Interview update?
2025-01-10 20:09:00,dev,user,How are things?
2025-01-10 23:00:00,user,neha,Project update?
2025-01-11 03:17:00,sneha,user,Gym today?
2025-01-11 04:00:00,user,sneha,Let's catch up
2025-01-11 08:00:00,user,priya,Interview update?
2025-01-11 10:08:00,karan,user,Project update?
2025-01-11 11:00:00,user,karan,Presentation ready?
2025-01-11 12:00:00,user,meera,Free tonight?
2025-01-11 13:43:00,arjun,user,Free tonight?
2025-01-11 14:39:00,priya,user,All good?
2025-01-11 16:00:00,user,dev,Project update?
2025-01-11 19:00:00,user,dev,Let's catch up
2025-01-11 21:30:00,neha,user,Presentation ready?
2025-01-12 00:00:00,user,priya,Let's catch up
2025-01-12 02:52:00,karan,user,Let's catch up
2025-01-12 02:58:00,sneha,user,Missed your call
2025-01-12 03:04:00,user,sneha,Let's catch up
2025-01-12 04:23:00,dev,user,How are things?
2025-01-12 05:00:00,user,meera,Missed your call
2025-01-12 05:06:00,user,dev,Meeting tomorrow?
2025-01-12 06:00:00,user,karan,Still pending
2025-01-12 08:13:00,dev,user,Let's catch up
2025-01-12 10:48:00,meera,user,Trip plan?
2025-01-12 12:00:00,user,meera,Long time no talk
2025-01-12 13:05:00,priya,user,Missed your call
2025-01-12 13:58:00,user,priya,Meeting tomorrow?
2025-01-12 16:12:00,karan,user,Long time no talk
2025-01-12 18:00:00,user,dev,All good?
2025-01-12 19:21:00,meera,user,Interview update?
2025-01-12 22:00:00,user,rahul,Meeting tomorrow?
2025-01-13 04:35:00,meera,user,Meeting tomorrow?
2025-01-13 05:14:00,rahul,user,Meeting tomorrow?
2025-01-13 10:00:00,user,dev,Still pending
2025-01-13 14:13:00,dev,user,Hey
2025-01-13 15:08:00,user,dev,Coffee this weekend?
2025-01-13 17:00:00,user,neha,Gym today?
2025-01-13 17:40:00,dev,user,What's up
2025-01-14 01:00:00,user,priya,How are things?
2025-01-14 02:00:00,user,neha,How are things?
2025-01-14 07:00:00,user,rahul,Long time no talk
2025-01-14 09:00:00,user,sneha,Free tonight?
2025-01-14 14:14:00,sneha,user,Presentation ready?
2025-01-14 20:40:00,priya,user,All good?
2025-01-14 21:00:00,user,arjun,Let's catch up
2025-01-14 22:12:00,user,priya,Missed your call
2025-01-14 23:58:00,arjun,user,Free tonight?
2025-01-15 00:58:00,user,arjun,Interview update?
2025-01-15 01:22:00,neha,user,Gym today?
2025-01-15 02:00:00,user,karan,Review this
2025-01-15 05:00:00,user,dev,Missed your call
2025-01-15 05:35:00,rahul,user,Presentation ready?
2025-01-15 07:00:00,user,meera,Review this
2025-01-15 07:56:00,dev,user,Long time no talk
2025-01-15 10:00:00,user,sneha,Presentation ready?
2025-01-15 13:00:00,user,arjun,Gym today?
2025-01-15 13:06:00,karan,user,Missed your call
2025-01-15 13:40:00,user,karan,Meeting tomorrow?
2025-01-15 19:00:00,user,neha,Review this
2025-01-15 19:35:00,arjun,user,Trip plan?
2025-01-15 20:00:00,user,neha,Still pending
2025-01-15 21:45:00,sneha,user,Trip plan?
2025-01-15 22:18:00,meera,user,Call later?
2025-01-15 23:10:00,user,meera,Let's catch up
2025-01-15 23:15:00,user,sneha,Free tonight?
2025-01-16 01:00:00,user,arjun,Coffee this weekend?
2025-01-16 02:08:00,neha,user,Trip plan?
2025-01-16 02:14:00,user,neha,What's up
2025-01-16 04:27:00,neha,user,Presentation ready?
2025-01-16 05:00:00,user,rahul,Review this
2025-01-16 08:00:00,user,meera,Call later?
2025-01-16 18:00:00,user,dev,Free tonight?
2025-01-16 21:21:00,rahul,user,Project update?
2025-01-16 21:41:00,meera,user,Interview update?
2025-01-16 22:00:00,user,arjun,What's up
2025-01-16 23:00:00,user,neha,Deadline near
2025-01-17 00:00:00,user,meera,Review this
2025-01-17 06:00:00,user,meera,Let's catch up
2025-01-17 08:00:00,user,karan,Let's catch up
2025-01-17 09:00:00,user,rahul,How are things?
2025-01-17 09:57:00,meera,user,How are things?
2025-01-17 13:00:00,user,priya,How are things?
2025-01-17 15:02:00,meera,user,Interview update?
2025-01-17 17:00:00,user,priya,Long time no talk
2025-01-17 21:33:00,neha,user,Let's catch up
2025-01-17 21:43:00,user,neha,Project update?
2025-01-18 04:00:00,user,arjun,Project update?
2025-01-18 04:01:00,priya,user,Hey
2025-01-18 05:19:00,rahul,user,Interview update?
2025-01-18 05:28:00,user,priya,Interview update?
2025-01-18 06:00:00,user,karan,Review this
2025-01-18 06:07:00,karan,user,Deadline near
2025-01-18 08:00:00,user,sneha,Review this
2025-01-18 09:07:00,karan,user,Long time no talk
2025-01-18 10:33:00,user,karan,Gym today?
2025-01-18 12:54:00,priya,user,Deadline near
2025-01-18 13:00:00,user,meera,Deadline near
2025-01-18 14:00:00,user,dev,What's up
2025-01-18 17:51:00,sneha,user,All good?
2025-01-18 20:00:00,user,rahul,Trip plan?
2025-01-18 20:04:00,arjun,user,Free tonight?
2025-01-18 20:25:00,dev,user,You there?
2025-01-19 00:00:00,user,meera,You there?
2025-01-19 00:03:00,meera,user,All good?
2025-01-19 05:00:00,user,karan,Gym today?
2025-01-19 08:11:00,meera,user,How are things?
2025-01-19 11:00:00,user,aman,How are things?
2025-01-19 15:00:00,user,neha,Coffee this weekend?
2025-01-20 02:00:00,user,rahul,How are things?
2025-01-20 04:06:00,neha,user,You there?
2025-01-20 04:23:00,aman,user,Long time no talk
2025-01-20 06:00:00,user,dev,Meeting tomorrow?
2025-01-20 11:00:00,user,karan,Long time no talk
2025-01-20 12:30:00,karan,user,Review this
2025-01-20 15:00:00,user,aman,What's up
2025-01-20 17:00:00,user,aman,Coffee this weekend?
2025-01-20 19:19:00,aman,user,Interview update?
2025-01-20 19:32:00,user,aman,Free tonight?
2025-01-20 19:34:00,aman,user,Deadline near
2025-01-20 21:03:00,user,aman,All good?
2025-01-20 22:03:00,rahul,user,Review this
2025-01-21 00:51:00,dev,user,All good?
2025-01-21 05:00:00,user,dev,Meeting tomorrow?
2025-01-21 06:00:00,user,neha,How are things?
2025-01-21 12:00:00,user,priya,How are things?
2025-01-21 13:00:00,priya,user,What's up
2025-01-21 13:46:00,neha,user,Long time no talk
2025-01-21 13:48:00,user,priya,Long time no talk
2025-01-21 14:00:00,user,dev,Project update?
2025-01-21 19:00:00,user,neha,Interview update?
2025-01-21 19:49:00,dev,user,You there?
2025-01-21 23:54:00,neha,user,Deadline near
2025-01-22 02:24:00,dev,user,Review this
2025-01-22 05:00:00,user,dev,Free tonight?
2025-01-22 08:00:00,user,karan,Free tonight?
2025-01-22 09:00:00,user,neha,Still pending
2025-01-22 12:00:00,user,rahul,What's up
2025-01-22 14:00:00,user,neha,You there?
2025-01-22 18:19:00,karan,user,All good?
2025-01-22 20:00:00,user,rahul,Free tonight?
2025-01-22 21:09:00,rahul,user,Coffee this weekend?
2025-01-22 21:47:00,user,rahul,Meeting tomorrow?
2025-01-22 22:34:00,neha,user,Coffee this weekend?
2025-01-23 02:00:00,user,karan,Coffee this weekend?
2025-01-23 04:38:00,neha,user,How are things?
2025-01-23 05:00:00,user,dev,Deadline near
2025-01-23 06:25:00,user,neha,All good?
2025-01-23 08:00:00,user,priya,Call later?
2025-01-23 08:42:00,rahul,user,How are things?
2025-01-23 10:37:00,dev,user,Review this
2025-01-23 12:49:00,priya,user,Let's catch up
2025-01-23 19:00:00,user,sneha,All good?
2025-01-23 19:29:00,sneha,user,Gym today?
2025-01-24 01:00:00,user,arjun,Still pending
2025-01-24 04:00:00,user,priya,Free tonight?
2025-01-24 04:42:00,arjun,user,Review this
2025-01-24 06:36:00,user,arjun,Trip plan?
2025-01-24 07:00:00,user,meera,Let's catch up
2025-01-24 17:00:00,user,meera,Deadline near
2025-01-24 18:08:00,meera,user,Missed your call
2025-01-24 19:00:00,user,sneha,Still pending
2025-01-25 01:00:00,user,rahul,Missed your call
2025-01-25 01:21:00,meera,user,Free tonight?
2025-01-25 02:57:00,user,meera,Trip plan?
2025-01-25 03:56:00,priya,user,Long time no talk
2025-01-25 04:02:00,user,priya,What's up
2025-01-25 05:00:00,user,priya,You there?
2025-01-25 05:44:00,priya,user,Meeting tomorrow?
2025-01-25 06:01:00,user,priya,Interview update?
2025-01-25 12:00:00,user,neha,Let's catch up
2025-01-25 14:00:00,user,aman,Hey
2025-01-25 15:00:00,user,aman,Coffee this weekend?
2025-01-25 18:00:00,user,dev,Free tonight?
2025-01-25 18:30:00,aman,user,Let's catch up
2025-01-25 21:00:00,user,meera,Hey
2025-01-25 23:13:00,neha,user,You there?
2025-01-26 01:00:00,user,priya,Free tonight?
2025-01-26 01:03:00,user,neha,Coffee this weekend?
2025-01-26 04:00:00,user,aman,Deadline near
2025-01-26 05:23:00,aman,user,Call later?
2025-01-26 08:00:00,user,dev,Presentation ready?
2025-01-26 11:12:00,dev,user,You there?
2025-01-26 12:53:00,user,dev,Presentation ready?
2025-01-26 16:00:00,user,karan,Let's catch up
2025-01-26 19:00:00,user,sneha,Still pending
2025-01-26 20:00:00,user,karan,Still pending
2025-01-27 00:13:00,sneha,user,Review this
2025-01-27 00:27:00,karan,user,Interview update?
2025-01-27 01:00:00,user,sneha,Long time no talk
2025-01-27 01:19:00,aman,user,Trip plan?
2025-01-27 02:00:00,user,sneha,Call later?
2025-01-27 04:40:00,dev,user,Gym today?
2025-01-27 06:08:00,karan,user,Free tonight?
2025-01-27 07:42:00,user,karan,Gym today?
2025-01-27 10:00:00,user,arjun,Interview update?
2025-01-28 01:00:00,user,dev,Deadline near
2025-01-28 02:00:00,dev,user,How are things?
2025-01-28 03:20:00,arjun,user,Review this
2025-01-28 03:34:00,user,arjun,Still pending
2025-01-28 04:00:00,user,rahul,Coffee this weekend?
2025-01-28 05:00:00,user,karan,Meeting tomorrow?
2025-01-28 10:23:00,karan,user,Meeting tomorrow?
2025-01-28 13:00:00,user,arjun,Long time no talk
2025-01-28 14:00:00,user,sneha,How are things?
2025-01-28 17:00:00,user,neha,You there?
2025-01-28 18:53:00,neha,user,How are things?
2025-01-28 19:00:00,user,arjun,Gym today?
2025-01-28 19:16:00,arjun,user,Long time no talk
2025-01-28 20:05:00,user,arjun,Trip plan?
2025-01-28 23:20:00,rahul,user,Call later?
2025-01-29 00:42:00,user,rahul,Hey
2025-01-29 01:00:00,user,dev,Still pending
2025-01-29 03:28:00,dev,user,What's up
2025-01-29 05:35:00,arjun,user,Long time no talk
2025-01-29 07:12:00,user,arjun,Presentation ready?
2025-01-29 10:00:00,user,karan,Long time no talk
2025-01-29 12:00:00,user,sneha,Gym today?
2025-01-29 13:09:00,sneha,user,Review this
2025-01-29 19:00:00,user,dev,Presentation ready?
2025-01-29 19:53:00,karan,user,Hey
2025-01-29 20:19:00,sneha,user,All good?
2025-01-29 21:00:00,user,priya,Missed your call
2025-01-30 02:56:00,priya,user,Call later?
2025-01-30 04:35:00,user,priya,Review this
2025-01-30 07:00:00,user,sneha,Call later?
2025-01-30 12:00:00,user,rahul,Call later?
2025-01-30 12:25:00,dev,user,Still pending
2025-01-30 13:00:00,user,priya,Presentation ready?
2025-01-30 14:10:00,user,dev,Coffee this weekend?
2025-01-30 19:00:00,user,rahul,Interview update?
2025-01-30 21:00:00,user,meera,Meeting tomorrow?
2025-01-30 22:36:00,rahul,user,What's up
2025-01-30 23:01:00,sneha,user,How are things?
2025-01-30 23:53:00,meera,user,Project update?
2025-01-31 00:23:00,user,rahul,How are things?
2025-01-31 01:00:00,user,dev,Project update?
2025-01-31 01:24:00,user,meera,Free tonight?
2025-01-31 02:08:00,priya,user,Trip plan?
2025-01-31 07:00:00,user,sneha,Gym today?
2025-01-31 09:00:00,user,sneha,Coffee this weekend?
2025-01-31 13:26:00,dev,user,How are things?
2025-01-31 15:06:00,user,dev,Meeting tomorrow?
2025-01-31 17:15:00,rahul,user,You there?
2025-01-31 18:00:00,user,dev,Long time no talk
2025-01-31 20:57:00,sneha,user,All good?
2025-01-31 22:00:00,user,neha,Coffee this weekend?
2025-01-31 22:28:00,user,sneha,Call later?
2025-02-01 02:03:00,sneha,user,How are things?
2025-02-01 03:00:00,user,dev,Meeting tomorrow?
2025-02-01 03:18:00,neha,user,Gym today?
2025-02-01 03:53:00,user,sneha,You there?
2025-02-01 05:00:00,user,meera,Still pending
2025-02-01 11:00:00,user,neha,How are things?
2025-02-01 11:22:00,dev,user,Still pending
2025-02-01 11:50:00,user,dev,Meeting tomorrow?
2025-02-01 13:00:00,user,sneha,Interview update?
2025-02-01 18:00:00,user,dev,Project update?
2025-02-02 00:06:00,dev,user,All good?
2025-02-02 00:30:00,user,dev,You there?
2025-02-02 00:49:00,dev,user,Coffee this weekend?
2025-02-02 04:03:00,sneha,user,How are things?
2025-02-02 04:06:00,meera,user,Free tonight?
2025-02-02 05:00:00,user,arjun,Project update?
2025-02-02 08:00:00,user,rahul,Still pending
2025-02-02 11:00:00,user,rahul,Review this
2025-02-02 12:00:00,user,priya,Missed your call
2025-02-02 13:00:00,user,arjun,Gym today?
2025-02-02 14:00:00,user,dev,Presentation ready?
2025-02-02 14:19:00,arjun,user,Presentation ready?
2025-02-02 14:38:00,arjun,user,You there?
2025-02-02 15:15:00,user,arjun,Call later?
2025-02-02 16:03:00,rahul,user,Call later?
2025-02-02 16:07:00,user,rahul,Meeting tomorrow?
2025-02-02 17:00:00,user,neha,Project update?
2025-02-02 17:07:00,priya,user,You there?
2025-02-02 18:00:00,user,dev,Presentation ready?
2025-02-02 21:00:00,user,rahul,Call later?
2025-02-03 03:00:00,user,sneha,Still pending
2025-02-03 08:47:00,rahul,user,Gym today?
2025-02-03 09:00:00,user,meera,Coffee this weekend?
2025-02-03 09:38:00,dev,user,Coffee this weekend?
2025-02-03 09:39:00,user,dev,You there?
2025-02-03 10:46:00,rahul,user,Review this
2025-02-03 11:00:00,user,rahul,How are things?
2025-02-03 11:10:00,meera,user,Free tonight?
2025-02-03 11:36:00,user,meera,What's up
2025-02-03 12:00:00,user,neha,What's up
2025-02-03 12:55:00,dev,user,Review this
2025-02-03 13:45:00,user,dev,Still pending
2025-02-03 15:41:00,neha,user,Presentation ready?
2025-02-03 21:39:00,sneha,user,Project update?
2025-02-04 04:36:00,rahul,user,Trip plan?
2025-02-04 10:23:00,neha,user,Gym today?
2025-02-04 11:00:00,user,karan,You there?
2025-02-04 14:00:00,user,meera,Long time no talk
2025-02-04 17:10:00,karan,user,Meeting tomorrow?
2025-02-04 17:52:00,user,karan,How are things?
2025-02-04 19:42:00,meera,user,Still pending
2025-02-04 20:00:00,user,sneha,Long time no talk
2025-02-04 23:00:00,user,rahul,You there?
2025-02-05 03:00:00,user,aman,Still pending
2025-02-05 05:23:00,sneha,user,What's up
2025-02-05 06:45:00,user,sneha,All good?
2025-02-05 08:00:00,user,karan,Deadline near
2025-02-05 09:00:00,user,aman,All good?
2025-02-05 11:00:00,user,arjun,Review this
2025-02-05 15:42:00,aman,user,Call later?
2025-02-05 17:50:00,arjun,user,Call later?
2025-02-05 22:09:00,rahul,user,What's up
2025-02-05 22:40:00,user,rahul,Still pending
2025-02-06 04:00:00,user,dev,How are things?
2025-02-06 04:11:00,aman,user,Deadline near
2025-02-06 09:00:00,user,neha,Missed your call
2025-02-06 09:23:00,dev,user,Project update?
2025-02-06 13:45:00,neha,user,Review this
2025-02-06 14:56:00,user,neha,Interview update?
2025-02-06 17:00:00,user,priya,All good?
2025-02-07 00:00:00,user,priya,Presentation ready?
2025-02-07 02:00:00,user,karan,What's up
2025-02-07 06:00:00,user,arjun,Trip plan?
2025-02-07 06:15:00,karan,user,How are things?
2025-02-07 06:57:00,user,karan,Let's catch up
2025-02-07 07:00:00,user,aman,You there?
2025-02-07 09:21:00,priya,user,Long time no talk
2025-02-07 11:46:00,priya,user,Trip plan?
2025-02-07 13:00:00,user,arjun,Interview update?
2025-02-07 15:23:00,arjun,user,How are things?
2025-02-07 19:00:00,user,arjun,All good?
2025-02-07 23:00:00,user,neha,Coffee this weekend?
2025-02-08 03:14:00,arjun,user,Hey
2025-02-08 03:40:00,aman,user,Interview update?
2025-02-08 04:00:00,user,sneha,Gym today?
2025-02-08 05:10:00,arjun,user,What's up
2025-02-08 05:31:00,user,aman,Hey
2025-02-08 06:04:00,user,arjun,Review this
2025-02-08 10:00:00,user,karan,Project update?
2025-02-08 14:54:00,sneha,user,Gym today?
2025-02-08 15:26:00,user,sneha,Coffee this weekend?
2025-02-08 20:00:00,user,dev,How are things?
2025-02-08 22:00:00,user,neha,What's up
2025-02-08 23:44:00,neha,user,You there?
2025-02-09 04:00:00,user,meera,Hey
2025-02-09 07:41:00,meera,user,Deadline near
2025-02-09 08:00:00,user,rahul,Interview update?
2025-02-09 12:00:00,user,dev,You there?
2025-02-09 12:59:00,dev,user,All good?
2025-02-09 21:00:00,user,dev,What's up
2025-02-09 22:33:00,dev,user,Meeting tomorrow?
2025-02-10 02:00:00,user,meera,Presentation ready?
2025-02-10 03:11:00,rahul,user,Trip plan?
2025-02-10 04:01:00,user,rahul,Presentation ready?
2025-02-10 06:47:00,meera,user,You there?
2025-02-10 07:38:00,user,meera,You there?
2025-02-10 08:00:00,user,arjun,Presentation ready?
2025-02-10 11:14:00,dev,user,Coffee this weekend?
2025-02-10 22:00:00,user,rahul,Deadline near
2025-02-11 01:24:00,arjun,user,Interview update?
2025-02-11 03:09:00,user,arjun,Hey
2025-02-11 04:00:00,user,rahul,Project update?
2025-02-11 08:00:00,user,neha,Gym today?
2025-02-11 12:00:00,user,neha,You there?
2025-02-11 14:31:00,neha,user,Meeting tomorrow?
2025-02-11 20:23:00,rahul,user,Interview update?
2025-02-11 21:54:00,rahul,user,You there?
2025-02-11 23:00:00,user,dev,Review this
2025-02-12 04:00:00,user,sneha,Deadline near
2025-02-12 13:00:00,user,sneha,Trip plan?
2025-02-12 16:57:00,dev,user,Project update?
2025-02-12 19:00:00,user,arjun,Call later?
2025-02-12 22:21:00,sneha,user,Interview update?
2025-02-13 00:50:00,sneha,user,Let's catch up
2025-02-13 01:29:00,user,sneha,Let's catch up
2025-02-13 06:00:00,user,aman,Interview update?
2025-02-13 07:00:00,user,karan,Review this
2025-02-13 10:26:00,karan,user,Coffee this weekend?
2025-02-13 11:00:00,user,meera,Missed your call
2025-02-13 11:37:00,user,karan,Project update?
2025-02-13 12:00:00,user,neha,What's up
2025-02-13 13:00:00,user,meera,How are things?
2025-02-13 14:11:00,aman,user,Presentation ready?
2025-02-13 14:17:00,meera,user,Interview update?
2025-02-13 14:41:00,user,aman,What's up
2025-02-13 16:00:00,user,arjun,Trip plan?
2025-02-13 17:59:00,neha,user,Project update?
2025-02-13 20:00:00,user,arjun,Gym today?
2025-02-13 20:49:00,meera,user,What's up
2025-02-14 02:00:00,user,aman,Meeting tomorrow?
2025-02-14 06:00:00,user,dev,All good?
2025-02-14 07:18:00,arjun,user,Free tonight?
2025-02-14 08:00:00,user,arjun,Free tonight?
2025-02-14 09:54:00,arjun,user,Coffee this weekend?
2025-02-14 11:00:00,user,rahul,Still pending
2025-02-14 12:05:00,aman,user,Missed your call
2025-02-14 13:55:00,user,aman,All good?
2025-02-14 19:00:00,user,arjun,How are things?
2025-02-14 23:00:00,user,aman,You there?
2025-02-15 04:51:00,dev,user,Coffee this weekend?
2025-02-15 07:33:00,arjun,user,Let's catch up
2025-02-15 10:00:00,user,priya,Presentation ready?
2025-02-15 10:39:00,rahul,user,Gym today?
2025-02-15 11:46:00,aman,user,Trip plan?
2025-02-15 22:21:00,priya,user,Interview update?
2025-02-16 00:08:00,user,priya,Trip plan?
